{
    "abernethy": "Chris Abernethy",
    "cabernet": "Chris Abernethy",
    "abramson": "Will Abramson",
    "will": "Will Abramson",
    "will_abramson": "Will Abramson",
    "willa": "Will Abramson",
    "willabramson": "Will Abramson",
    "wip": "Will Abramson",
    "acar": "Ugur Acar",
    "ugur": "Ugur Acar",
    "uguracar": "Ugur Acar",
    "adamski": "Irene Adamski",
    "irene": "Irene Adamski",
    "irene__jolocom": "Irene Adamski",
    "irene_jolocom": "Irene Adamski",
    "aisongpu": "SongPu Ai",
    "aisp": "SongPu Ai",
    "songpu_ai": "SongPu Ai",
    "vergari": "Cosma Alex Vergari",
    "mahmoud": "Mahmoud Alkhraishi",
    "mkhraisha": "Mahmoud Alkhraishi",
    "christophera": "Christopher Allen",
    "jandrieu": "Joe Andrieu",
    "joe": "Joe Andrieu",
    "joe_andrieu": "Joe Andrieu",
    "joeandrieu": "Joe Andrieu",
    "ganesh": "Ganesh Annan",
    "ganeshannan": "Ganesh Annan",
    "gannan": "Ganesh Annan",
    "annunziato": "Vincent Annunziato",
    "phila": "Phil Archer",
    "philarcher": "Phil Archer",
    "ashley": "Paul Ashley",
    "ashraf": "Waheed Ashraf",
    "waheed": "Waheed Ashraf",
    "matatk": "Matthew Atkinson",
    "julie_bacon": "Julie Bacon",
    "baraban": "Brandon Baraban",
    "brendon": "Brandon Baraban",
    "barinov": "Dmitry Barinov",
    "baur": "Stephan Baur",
    "sthephan_baur": "Stephan Baur",
    "hadleybeeman": "Hadley Beeman",
    "robin": "Robin Berjon",
    "gregb": "Greg Bernstein",
    "wind4greg": "Greg Bernstein",
    "parth": "Parth Bhatt",
    "matthieu_bosquet": "Matthieu Bosquet",
    "bowman": "Mic Bowman",
    "mic": "Mic Bowman",
    "adam": "Adam Bradley",
    "bradley": "John Bradley",
    "erhard": "Erhard Brand",
    "danbri": "Dan Brickley",
    "chris_mitre": "Chris Buchanan",
    "daniel": "Daniel Buchner",
    "daniel_buchner": "Daniel Buchner",
    "danielb": "Daniel Buchner",
    "dbuc": "Daniel Buchner",
    "burn": "Daniel Burnett",
    "burnburn": "Daniel Burnett",
    "danb": "Daniel Burnett",
    "butters": "Shawn Butterfield",
    "s_butters": "Shawn Butterfield",
    "sb": "Shawn Butterfield",
    "shawn": "Shawn Butterfield",
    "shawn_butterfield": "Shawn Butterfield",
    "shawnb": "Shawn Butterfield",
    "bumblefudge": "Juan Caballero",
    "by_caballero": "Juan Caballero",
    "by_caballero__juan": "Juan Caballero",
    "by_caballero_juan": "Juan Caballero",
    "caballero_juan": "Juan Caballero",
    "juancaballero": "Juan Caballero",
    "bc": "Brian Campbell",
    "briancampbell": "Brian Campbell",
    "campbell": "Brian Campbell",
    "csarven": "Sarven Capadisli",
    "sarven": "Sarven Capadisli",
    "juan_carlos": "Juan Carlos Cruellas",
    "davicc": "David Chadwick",
    "davidc": "David Chadwick",
    "davidchadwick": "David Chadwick",
    "pchampin": "Pierre-Antoine Champin",
    "wayne": "Wayne Chang",
    "denken": "Denken Chen",
    "denkeni": "Denken Chen",
    "calvin": "Calvin Cheng",
    "cc": "Calvin Cheng",
    "won_choe": "Won Choe",
    "clacy": "Margery Clacy",
    "margery": "Margery Clacy",
    "margery_clacy": "Margery Clacy",
    "nick_clark": "Nick Clark",
    "acoburn": "Aaron Coburn",
    "pablo": "Pablo Coca",
    "pablo_coca": "Pablo Coca",
    "decentra": "Gabe Cohen",
    "decentra_": "Gabe Cohen",
    "decentralgabe": "Gabe Cohen",
    "gabe": "Gabe Cohen",
    "steve_c": "Steve Cole",
    "steve_cole": "Steve Cole",
    "tcole": "Tim Cole",
    "timcole": "Tim Cole",
    "collier": "Matthew Collier",
    "collier-matthew": "Matthew Collier",
    "dudley": "Dudley Collinson",
    "dudley_collinson": "Dudley Collinson",
    "seabass": "Sebastian Crane",
    "crone": "Max Crone",
    "max": "Max Crone",
    "curran": "Edward Curran",
    "cole": "Cole Davis",
    "davis": "Cole Davis",
    "deorchi": "Tommaso De Orchi",
    "derosa": "Paolo De Rosa",
    "orchi": "Tommaso De Orchi",
    "paolo": "Paolo De Rosa",
    "robdefeo": "Rob De Feo",
    "tommaso": "Tommaso De Orchi",
    "kdean": "Kevin Dean",
    "kdeangs": "Kevin Dean",
    "kevin": "Kevin Dean",
    "kevindead": "Kevin Dean",
    "kevindean": "Kevin Dean",
    "kdenhartog": "Kyle Den Hartog",
    "kyle": "Kyle Den Hartog",
    "kyle_denhartog": "Kyle Den Hartog",
    "paul": "Paul Dietrich",
    "paul_dietrich_gs1": "Paul Dietrich",
    "pauld": "Paul Dietrich",
    "pauld_gs1": "Paul Dietrich",
    "pauldietrich": "Paul Dietrich",
    "pam": "Pamela Dingle",
    "pamdingle": "Pamela Dingle",
    "pamela": "Pamela Dingle",
    "kimhd": "Kim Duffy",
    "durkin": "Zane Durkin",
    "zane": "Zane Durkin",
    "zanedurkin": "Zane Durkin",
    "dwyer": "Mary Dwyer",
    "mary": "Mary Dwyer",
    "elfors": "Sebastian Elfors",
    "sebastian": "Sebastian Elfors",
    "sebastianelfors": "Sebastian Elfors",
    "ellis": "Dave Ellis",
    "david_ezell": "David Ezell",
    "david_ezell_conexxus": "David Ezell",
    "davide": "David Ezell",
    "dezell": "David Ezell",
    "dezell2": "David Ezell",
    "savita": "Savita Farooqui",
    "phil-t3": "Phil Feairheller",
    "phil_f": "Phil Feairheller",
    "phil_te": "Phil Feairheller",
    "philf": "Phil Feairheller",
    "philfariller": "Phil Feairheller",
    "fredrik": "Fredrik Fisher",
    "heatherf": "Heather Flanagan",
    "foucault": "Michel Foucault",
    "fuchs": "Bernhard Fuchs",
    "fuentes": "Pedro Fuentes",
    "pedro": "Pedro Fuentes",
    "bengo": "Benjamin Goering",
    "alejandra": "Alejandra Gonzalez Beltran",
    "sam": "Sam Goto",
    "sgoto": "Sam Goto",
    "rgrant": "Ryan Grant",
    "griffin": "Kevin Griffin",
    "kevingriffin-gleif": "Kevin Griffin",
    "kgriffen-gleif": "Kevin Griffin",
    "kgriffin": "Kevin Griffin",
    "kgriffin-gleif": "Kevin Griffin",
    "guillermo": "Melissa Guillermo",
    "melissa": "Melissa Guillermo",
    "hajia": "Nas Hajia",
    "nas": "Nas Hajia",
    "daniel_hardman": "Daniel Hardman",
    "danielhardman": "Daniel Hardman",
    "dhardman": "Daniel Hardman",
    "dhh": "Daniel Hardman",
    "haudebourg": "Timothée Haudebourg",
    "rouven": "Rouven Heck",
    "heger": "Scott Heger",
    "sheger": "Scott Heger",
    "iherman": "Ivan Herman",
    "ivan": "Ivan Herman",
    "michael_herman": "Michael Herman",
    "mwherman": "Michael Herman",
    "mwherman2000": "Michael Herman",
    "hinek": "Frank Hinek",
    "jonathan": "Jonathan Holt",
    "jonathan_holt": "Jonathan Holt",
    "jonnycrunch": "Jonathan Holt",
    "yenlin": "Yen-Lin Huang",
    "isaiah_inuwa": "Isaiah Inuwa",
    "jian_jin": "Jian Jin",
    "yue_jing": "Yue Jing",
    "johan": "Johan Johan",
    "anil": "Anil John",
    "anilj": "Anil John",
    "aniltj": "Anil John",
    "andrew": "Andrew Jones",
    "mike": "Michael Jones",
    "mike_jones": "Michael Jones",
    "mikej": "Michael Jones",
    "mikejones": "Michael Jones",
    "self-issued": "Michael Jones",
    "selfissued": "Michael Jones",
    "webauthn": "Michael Jones",
    "majordan": "Marie Jordan",
    "daehyun": "Daehyun Kim",
    "geun-hyung": "Geunhyung Kim",
    "geun-hyung_kim": "Geunhyung Kim",
    "geunhyung": "Geunhyung Kim",
    "geunhyung_kim": "Geunhyung Kim",
    "hyeri": "Hyeri Kim",
    "jay": "Jay Kishigami",
    "namseok_ko": "Namseok Ko",
    "konstantinou": "Vasileios Konstantinou",
    "vasileios": "Vasileios Konstantinou",
    "lake": "Adam Lake",
    "lansley": "Nicholas Lansley",
    "nicholas": "Nicholas Lansley",
    "changyun": "ChangYun Lee",
    "wlee": "Wonsuk Lee",
    "wonsuk": "Wonsuk Lee",
    "davidl": "David Lehn",
    "davidlehn": "David Lehn",
    "dlehn": "David Lehn",
    "dlehn1": "David Lehn",
    "dlehn2": "David Lehn",
    "cel": "Charles Lehner",
    "charles_lehner": "Charles Lehner",
    "kerri": "Kerri Lemoie",
    "kerri_lemoie": "Kerri Lemoie",
    "leveille": "Rene Leveille",
    "rene": "Rene Leveille",
    "renel": "Rene Leveille",
    "levis": "Bruce Levis",
    "dave_lewis": "Dave Lewis",
    "lewis": "Dave Lewis",
    "haihua_li": "Haihua Li",
    "kimberly": "Kimberly Linson",
    "linson": "Kimberly Linson",
    "liu": "Hu Liu",
    "joachim": "Joachim Lohkamp",
    "pdl-asu": "Phillip Long",
    "pdl0": "Phillip Long",
    "pdl_asu": "Phillip Long",
    "phil": "Phillip Long",
    "phil-asu": "Phillip Long",
    "phil__asu": "Phillip Long",
    "phil_asu": "Phillip Long",
    "phillip_long": "Phillip Long",
    "phillong": "Phillip Long",
    "pl": "Phillip Long",
    "pl-asu": "Phillip Long",
    "pl-t3": "Phillip Long",
    "pl_asu": "Phillip Long",
    "dave": "Dave Longley",
    "dave_longley": "Dave Longley",
    "dlongley": "Dave Longley",
    "dlongley2": "Dave Longley",
    "tobias": "Tobias Looker",
    "tplooker": "Tobias Looker",
    "anthony": "Anthony Lopreiato",
    "snorre": "Snorre Lothar von Gohren Edwin",
    "duy-tung": "Duy-Tung Luu",
    "aanchal": "Aanchal Malhotra",
    "mandic": "Patrick Mandic",
    "markovski": "Tomislav Markovski",
    "tomislav": "Tomislav Markovski",
    "mccown": "Steve McCown",
    "smccown": "Steve McCown",
    "steve_mccown": "Steve McCown",
    "stevemccown": "Steve McCown",
    "brett": "Brett McDowell",
    "brettm": "Brett McDowell",
    "brettmcdowell": "Brett McDowell",
    "brian": "Brian McManus",
    "jets": "Brian McManus",
    "mcmanus": "Brian McManus",
    "jennie": "Jennie Meier",
    "jenniem": "Jennie Meier",
    "jennifer": "Jennie Meier",
    "meier": "Jennie Meier",
    "luis": "Luis Meijueiro",
    "luis_meijueiro": "Luis Meijueiro",
    "mielnicki": "Tomasz Mielnicki",
    "jer": "Jeremie Miller",
    "jeremie": "Jeremie Miller",
    "tyler": "Tyler Minard",
    "yasushi": "Yasushi Minoya",
    "sid": "Sid Mishra",
    "jeff": "Jeff Mixter",
    "jeff_mixter": "Jeff Mixter",
    "mixterj": "Jeff Mixter",
    "myburg": "Jaco Myburg",
    "nadalin": "Antony Nadalin",
    "tony": "Antony Nadalin",
    "tonynadaline": "Antony Nadalin",
    "gnatran": "Gregory Natran",
    "greg": "Gregory Natran",
    "gregory": "Gregory Natran",
    "gregory_natran": "Gregory Natran",
    "gregoryn": "Gregory Natran",
    "natran": "Gregory Natran",
    "natrang": "Gregory Natran",
    "chaals": "Charles Nevile",
    "david_newbury": "David Newbury",
    "workergnome": "David Newbury",
    "christos": "Christos Nikolakakos",
    "mircea": "Mircea Nistor",
    "mircea_nistor": "Mircea Nistor",
    "mirceanis": "Mircea Nistor",
    "mirceanistor": "Mircea Nistor",
    "nistor": "Mircea Nistor",
    "alyssa": "Alyssa Oconnor",
    "simone": "Simone Onofri",
    "gerhard": "Gerhard Oosthuizen",
    "gerhard_oosthuizen": "Gerhard Oosthuizen",
    "pandey": "Siddhartha Pandey",
    "siddhartha": "Siddhartha Pandey",
    "jungsoo": "JungSoo Park",
    "matut": "Carlos Pastor Matut",
    "pohhendrydex": "Hendry Poh",
    "axelpolleres": "Axel Polleres",
    "logan": "Logan Porter",
    "logan_porter": "Logan Porter",
    "loganporter": "Logan Porter",
    "praszczalek": "Przemek Praszczalek",
    "przemek": "Przemek Praszczalek",
    "przemek_praszczalek": "Przemek Praszczalek",
    "mike_p": "Michael Prorock",
    "mikep": "Michael Prorock",
    "mprorock": "Michael Prorock",
    "prorock": "Michael Prorock",
    "carl": "Carl Prosack",
    "prosack": "Carl Prosack",
    "quemada": "Juan Quemada",
    "roy": "Ruoxi Ran",
    "roy-ruoxi": "Ruoxi Ran",
    "ruoxi": "Ruoxi Ran",
    "nathan": "Nathan Rao",
    "rao": "Nathan Rao",
    "drummond": "Drummond Reed",
    "martin_reed": "Marty Reed",
    "marty": "Marty Reed",
    "marty_reed": "Marty Reed",
    "martyreed": "Marty Reed",
    "talltree": "Drummond Reed",
    "stenr": "Sten Reijers",
    "kelsey": "Kelsey Rhoda",
    "kelseyr": "Kelsey Rhoda",
    "kelseyrhoda": "Kelsey Rhoda",
    "yancy": "Yancy Ribbens",
    "jricher": "Justin Richer",
    "justin": "Justin Richer",
    "justin_r": "Justin Richer",
    "zaida": "Zaïda Rivai",
    "troyronda": "Troy Ronda",
    "leonard": "Leonard Rosenthol",
    "leonardr": "Leonard Rosenthol",
    "jean_yves": "Jean-Yves Rossi",
    "jrossi": "Julien Rossi",
    "jyrossi": "Jean-Yves Rossi",
    "rossi": "Julien Rossi",
    "devin": "Devin Rousso",
    "rousso": "Devin Rousso",
    "eugeniu__jolocom": "Eugeniu Rusu",
    "eugeniu_jolocom": "Eugeniu Rusu",
    "eugeniu_rusu": "Eugeniu Rusu",
    "eugeniu_rusu_jolocom": "Eugeniu Rusu",
    "eugeniurusu": "Eugeniu Rusu",
    "rusu_eugeniu_jolocom": "Eugeniu Rusu",
    "markus": "Markus Sabadello",
    "markus_sabadello": "Markus Sabadello",
    "peacekeeper": "Markus Sabadello",
    "saglam": "Cihan Saglam",
    "janina": "Janina Sajka",
    "joaquin": "Joaquin Salvachua",
    "salvachua": "Joaquin Salvachua",
    "azaroth": "Rob Sanderson",
    "azaroth42": "Rob Sanderson",
    "rsanderson": "Rob Sanderson",
    "hiroki": "Hiroyuki Sano",
    "hiroyuki": "Hiroyuki Sano",
    "hsano": "Hiroyuki Sano",
    "kirah": "Kirah Sapong",
    "samuel": "Samuel Schlesinger",
    "schlesinger": "Samuel Schlesinger",
    "shaw": "Allison Shaw",
    "yan_dappworks": "Yi Shi",
    "yishi": "Yi Shi",
    "tzviya": "Tzviya Siegman",
    "tzviya_siegman": "Tzviya Siegman",
    "ned_smith": "Ned Smith",
    "sam_smith": "Samuel Smith",
    "samsmith": "Samuel Smith",
    "wes-smith": "Wesley Smith",
    "wesley": "Wesley Smith",
    "wess": "Wesley Smith",
    "snyder": "Todd Snyder",
    "todd_snyder_gs1": "Todd Snyder",
    "toddsnyder": "Todd Snyder",
    "toddsnydergs1us": "Todd Snyder",
    "hsolbrig": "Harold Solbrig",
    "hyojin": "Hyojin Song",
    "ajs6f": "Adam Soroka",
    "manu": "Manu Sporny",
    "manus": "Manu Sporny",
    "msporny": "Manu Sporny",
    "nick_steele": "Nicholas Steele",
    "nicksteele": "Nicholas Steele",
    "nsteele": "Nicholas Steele",
    "orie": "Orie Steele",
    "orie__transmute": "Orie Steele",
    "steele": "Nicholas Steele",
    "stewart": "Dan Stewart",
    "simon": "Simon Steyskal",
    "simonstey": "Simon Steyskal",
    "jenstrickland": "Jen Strickland",
    "shigeya": "Shigeya Suzuki",
    "shogeya": "Shigeya Suzuki",
    "ruben": "Ruben Taelman",
    "rubensworks": "Ruben Taelman",
    "rubenworks": "Ruben Taelman",
    "kazuhiko": "Kazuhiko Takabayashi",
    "kazuhiko_takabayashi": "Kazuhiko Takabayashi",
    "takabayashi": "Kazuhiko Takabayashi",
    "oliver": "Oliver Terbu",
    "oliver_terbu": "Oliver Terbu",
    "macted": "Ted Thibodeau Jr.",
    "tallted": "Ted Thibodeau Jr.",
    "joshthomas": "Joshua Thomas",
    "joshua": "Joshua Thomas",
    "jthomas": "Joshua Thomas",
    "david_trang": "David Trang",
    "andres": "Andres Uribe",
    "arjen": "Arjen van Veen",
    "vanveen": "Arjen van Veen",
    "varley": "Mike Varley",
    "bruno": "Bruno Vavala",
    "bruno_vavala": "Bruno Vavala",
    "vavala": "Bruno Vavala",
    "mandyv": "Mandy Venables",
    "david_waite": "David Waite",
    "dwaite": "David Waite",
    "li_wang_hong": "Li Wang Hong",
    "liwanghong": "Li Wang Hong",
    "lizi": "Li Wang Hong",
    "ward": "Frans Ward",
    "andrewwhitehead": "Andrew Whitehead",
    "awhitehead": "Andrew Whitehead",
    "chriswinc": "Chris Winczewski",
    "elaine": "Elaine Wooton",
    "jesse": "Jesse Wright",
    "wright": "Jesse Wright",
    "jyasskin": "Jeffrey Yasskin",
    "kristi": "Kristina Yasuda",
    "kristina": "Kristina Yasuda",
    "yasuda": "Kristina Yasuda",
    "yoshii": "Junichi Yoshii",
    "naomi": "Naomi Yoshizawa",
    "xiaoyu_you": "Xiaoyu You",
    "benjamin": "Benjamin Young",
    "benjaminy": "Benjamin Young",
    "beny": "Benjamin Young",
    "bigbluehat": "Benjamin Young",
    "identity_woman": "Kaliya Young",
    "identitywoman": "Kaliya Young",
    "kaliya": "Kaliya Young",
    "yuri": "Yuriy Yuzifovich",
    "yuriy_yuzifovich": "Yuriy Yuzifovich",
    "dmitri": "Dmitri Zagidulin",
    "dmitripre": "Dmitri Zagidulin",
    "dmitriz": "Dmitri Zagidulin",
    "yan": "Yan Zhang",
    "yanzhang": "Yan Zhang",
    "zhilei": "Zhilei Zhang",
    "zhilei_zhang": "Zhilei Zhang",
    "pziv": "Paul Ziv",
    "exe": "Exe Zulliger",
    "zulliger": "Exe Zulliger",
    "brent": "Brent Zundel",
    "brentz": "Brent Zundel",
    "brentzundel": "Brent Zundel",
    "zundel": "Brent Zundel"
}